,plant-growth_abnorm,leafspots-halo_no-yellow-halos,leafspots-marg_w-s-marg,leafspot-size_gt-1/8,leaf-mild_absent,stem-cankers_absent,canker-lesion_dk-brown-blk,fruiting-bodies_absent,fruiting-bodies_present,external-decay_absent,int-discolor_brown,int-discolor_none,fruit-pods_diseased,fruit-pods_norm,fruit-spots_absent,fruit-spots_colored,mold-growth_absent,roots_rotted
0,True,False,False,False,True,False,False,False,True,False,False,True,False,True,False,False,True,False
1,True,False,False,False,True,False,False,False,True,False,False,True,False,True,False,False,True,False
2,True,False,False,False,True,False,False,False,True,False,False,True,False,True,False,False,True,False
3,True,False,False,False,True,False,False,False,True,False,False,True,False,True,False,False,True,False
4,True,False,False,False,True,False,False,False,True,False,False,True,False,True,False,False,True,False
5,True,False,False,False,True,False,False,False,True,False,False,True,False,True,False,False,True,False
6,True,False,False,False,True,False,False,False,True,False,False,True,False,True,False,False,True,False
7,True,False,False,False,True,False,False,False,True,False,False,True,False,True,False,False,True,False
8,True,False,False,False,True,False,False,False,True,False,False,True,False,True,False,False,True,False
9,True,False,False,False,True,False,False,False,True,False,False,True,False,True,False,False,True,False
10,True,False,False,False,True,True,False,True,False,True,False,False,False,True,False,False,True,False
11,True,False,False,False,True,True,False,True,False,True,False,False,False,True,False,False,True,False
12,True,False,False,False,True,True,False,True,False,True,False,False,False,True,False,False,True,False
13,True,False,False,False,True,True,False,True,False,True,False,False,False,True,False,False,True,False
14,True,False,False,False,True,True,False,True,False,True,False,False,False,True,False,False,True,False
15,True,False,False,False,True,True,False,True,False,True,False,False,False,True,False,False,True,False
16,True,False,False,False,True,True,False,True,False,True,False,False,False,True,False,False,True,False
17,True,False,False,False,True,True,False,True,False,True,False,False,False,True,False,False,True,False
18,True,False,False,False,True,True,False,True,False,True,False,False,False,True,False,False,True,False
19,True,False,False,False,True,True,False,True,False,True,False,False,False,True,False,False,True,False
20,True,False,False,False,True,False,False,True,False,False,False,True,False,False,False,False,True,False
21,True,False,False,False,True,False,False,True,False,False,False,True,False,False,False,False,True,False
22,True,False,False,False,True,False,False,True,False,False,False,True,False,False,False,False,True,False
23,True,False,False,False,True,False,False,True,False,False,False,True,False,False,False,False,True,False
24,True,False,False,False,True,False,False,True,False,False,False,True,False,False,False,False,True,False
25,True,False,False,False,True,False,False,True,False,False,False,True,False,False,False,False,True,False
26,True,False,False,False,True,False,False,True,False,False,False,True,False,False,False,False,True,False
27,True,False,False,False,True,False,False,True,False,False,False,True,False,False,False,False,True,False
28,True,False,False,False,True,False,False,True,False,False,False,True,False,False,False,False,True,False
29,True,False,False,False,True,False,False,True,False,False,False,True,False,False,False,False,True,False
30,True,False,False,False,True,False,True,True,False,False,False,True,False,False,False,False,True,False
31,True,False,False,False,True,False,True,False,False,True,False,True,False,False,False,False,False,True
32,True,False,False,False,False,False,True,False,False,True,False,True,False,False,False,False,False,True
33,True,False,False,False,True,False,True,True,False,True,False,True,False,False,False,False,True,False
34,True,False,False,False,False,False,True,False,False,True,False,True,False,False,False,False,False,True
35,True,False,False,False,False,False,True,False,False,True,False,True,False,False,False,False,False,True
36,True,False,False,False,True,False,True,True,False,True,False,True,False,False,False,False,True,False
37,True,False,False,False,True,False,True,True,False,True,False,True,False,False,False,False,True,False
38,True,False,False,False,True,False,True,False,False,True,False,True,False,False,False,False,False,True
39,True,False,False,False,True,False,True,True,False,True,False,True,False,False,False,False,True,False
40,True,False,False,False,True,False,True,False,False,True,False,True,False,False,False,False,False,True
41,True,False,False,False,False,False,True,False,False,True,False,True,False,False,False,False,False,True
42,True,False,False,False,True,False,True,True,False,True,False,True,False,False,False,False,True,False
43,True,False,False,False,True,False,True,True,False,False,False,True,False,False,False,False,True,False
44,True,False,False,False,True,False,True,True,False,True,False,True,False,False,False,False,True,False
45,True,False,False,False,False,False,True,False,False,True,False,True,False,False,False,False,False,True
46,True,False,False,False,True,False,True,True,False,True,False,True,False,False,False,False,True,False
47,True,False,False,False,True,False,True,False,False,True,False,True,False,False,False,False,False,True
48,True,False,False,False,True,False,True,True,False,False,False,True,False,False,False,False,True,False
49,True,False,False,False,True,False,True,True,False,True,False,True,False,False,False,False,True,False
50,True,False,False,False,True,False,True,True,False,True,False,True,False,False,False,False,True,False
51,True,False,False,False,True,False,True,False,False,True,False,True,False,False,False,False,False,True
52,True,False,False,False,False,False,True,False,False,True,False,True,False,False,False,False,False,True
53,True,False,False,False,True,False,True,False,False,True,False,True,False,False,False,False,False,True
54,True,False,False,False,False,False,True,False,False,True,False,True,False,False,False,False,False,True
55,True,False,False,False,True,False,True,True,False,False,False,True,False,False,False,False,True,False
56,True,False,False,False,True,False,True,False,False,True,False,True,False,False,False,False,False,True
57,True,False,False,False,False,False,True,False,False,True,False,True,False,False,False,False,False,True
58,True,False,False,False,True,False,True,False,False,True,False,True,False,False,False,False,False,True
59,True,False,False,False,False,False,True,False,False,True,False,True,False,False,False,False,False,True
60,True,False,False,False,True,False,True,False,False,True,False,True,False,False,False,False,False,True
61,True,False,False,False,True,False,True,False,False,True,False,True,False,False,False,False,False,True
62,True,False,False,False,True,False,True,True,False,True,False,True,False,False,False,False,True,False
63,True,False,False,False,True,False,True,False,False,True,False,True,False,False,False,False,False,True
64,True,False,False,False,False,False,True,False,False,True,False,True,False,False,False,False,False,True
65,True,False,False,False,True,False,True,True,False,True,False,True,False,False,False,False,True,False
66,True,False,False,False,False,False,True,False,False,True,False,True,False,False,False,False,False,True
67,True,False,False,False,False,False,True,False,False,True,False,True,False,False,False,False,False,True
68,True,False,False,False,True,False,True,True,False,True,False,True,False,False,False,False,True,False
69,True,False,False,False,False,False,True,False,False,True,False,True,False,False,False,False,False,True
70,False,False,False,False,True,True,False,True,False,True,True,False,False,True,True,False,True,False
71,False,False,False,False,True,True,False,True,False,True,True,False,False,True,True,False,True,False
72,True,False,False,False,True,True,False,True,False,True,True,False,False,True,False,False,True,False
73,False,False,False,False,True,True,False,True,False,True,True,False,False,True,True,False,True,False
74,False,False,False,False,True,True,False,True,False,True,True,False,False,True,True,False,True,False
75,False,False,False,False,True,True,False,True,False,True,True,False,False,True,True,False,True,False
76,True,True,True,True,True,True,False,True,False,True,True,False,False,True,False,False,True,False
77,True,False,False,True,True,True,False,True,False,True,True,False,False,True,False,False,True,False
78,True,False,False,False,True,True,False,True,False,True,True,False,False,True,False,False,True,False
79,True,True,True,True,True,True,False,True,False,True,True,False,False,True,False,False,True,False
80,True,False,False,False,True,True,False,True,False,True,True,False,False,True,False,False,True,False
81,True,True,True,True,True,True,False,True,False,True,True,False,False,True,False,False,True,False
82,False,False,False,False,True,True,False,True,False,True,True,False,False,True,True,False,True,False
83,True,True,True,True,True,True,False,True,False,True,True,False,False,True,False,False,True,False
84,False,False,False,False,True,True,False,True,False,True,True,False,False,True,True,False,True,False
85,False,False,False,False,True,True,False,True,False,True,True,False,False,True,True,False,True,False
86,False,False,False,False,True,True,False,True,False,True,True,False,False,True,True,False,True,False
87,False,False,False,False,True,True,False,True,False,True,True,False,False,True,True,False,True,False
88,False,False,False,False,True,True,False,True,False,True,True,False,False,True,True,False,True,False
89,False,False,False,False,True,True,False,True,False,True,True,False,False,True,True,False,True,False
90,False,False,False,False,False,True,False,True,False,True,False,True,False,True,True,False,True,False
91,False,False,False,False,False,True,False,True,False,True,False,True,False,True,True,False,True,False
92,False,False,False,False,False,True,False,True,False,True,False,True,False,True,True,False,True,False
93,False,False,False,False,False,True,False,True,False,True,False,True,False,True,True,False,True,False
94,False,False,False,False,False,True,False,True,False,True,False,True,False,True,True,False,True,False
95,False,False,False,False,False,True,False,True,False,True,False,True,False,True,True,False,True,False
96,False,False,False,False,False,True,False,True,False,True,False,True,False,True,True,False,True,False
97,False,False,False,False,False,True,False,True,False,True,False,True,False,True,True,False,True,False
98,False,False,False,False,False,True,False,True,False,True,False,True,False,True,True,False,True,False
99,False,False,False,False,False,True,False,True,False,True,False,True,False,True,True,False,True,False
100,False,True,True,True,False,True,False,True,False,True,False,True,False,True,True,False,False,False
101,False,True,True,True,False,True,False,True,False,True,False,True,False,True,True,False,False,False
102,False,False,True,True,False,True,False,True,False,True,False,True,False,True,True,False,False,False
103,False,False,True,True,False,True,False,True,False,True,False,True,False,True,True,False,False,False
104,False,False,True,True,False,True,False,True,False,True,False,True,False,True,True,False,False,False
105,False,False,True,True,False,True,False,True,False,True,False,True,False,True,True,False,False,False
106,False,True,True,True,False,True,False,True,False,True,False,True,False,True,True,False,False,False
107,False,False,True,True,False,True,False,True,False,True,False,True,False,True,True,False,False,False
108,False,True,True,True,False,True,False,True,False,True,False,True,False,True,True,False,False,False
109,False,False,True,True,False,True,False,True,False,True,False,True,False,True,True,False,False,False
110,True,True,True,True,True,True,False,True,False,True,False,True,False,True,True,False,True,False
111,False,True,True,True,True,True,False,True,False,True,False,True,False,True,True,False,True,False
112,False,True,True,True,True,True,False,True,False,True,False,True,False,True,True,False,True,False
113,False,True,True,True,True,True,False,True,False,True,False,True,False,True,True,False,True,False
114,True,True,True,True,True,True,False,True,False,True,False,True,False,True,True,False,True,False
115,False,True,True,True,True,True,False,True,False,True,False,True,False,True,True,False,True,False
116,False,True,True,True,True,True,False,True,False,True,False,True,False,True,True,False,True,False
117,False,True,True,True,True,True,False,True,False,True,False,True,False,True,True,False,True,False
118,False,True,True,True,True,True,False,True,False,True,False,True,False,True,True,False,True,False
119,False,True,True,True,True,True,False,True,False,True,False,True,False,True,True,False,True,False
120,False,True,True,True,True,False,False,False,True,True,False,True,False,True,True,False,True,False
121,False,True,True,True,True,True,False,True,False,True,False,True,False,True,True,False,True,False
122,False,True,True,True,True,True,False,True,False,True,False,True,False,True,True,False,True,False
123,False,True,True,True,True,False,False,False,True,True,False,True,False,True,True,False,True,False
124,False,True,True,True,True,True,False,True,False,True,False,True,False,True,True,False,True,False
125,False,True,True,True,True,False,False,False,True,True,False,True,False,True,True,False,True,False
126,False,True,True,True,True,True,False,True,False,True,False,True,False,True,True,False,True,False
127,True,True,True,True,True,True,False,True,False,True,False,True,False,True,True,False,True,False
128,False,True,True,True,True,True,False,True,False,True,False,True,False,True,True,False,True,False
129,False,True,True,True,True,True,False,True,False,True,False,True,False,True,True,False,True,False
130,False,True,True,True,True,False,False,False,True,True,False,True,False,True,True,False,True,False
131,False,True,True,True,True,True,False,True,False,True,False,True,False,True,True,False,True,False
132,False,True,True,True,True,True,False,False,True,False,False,True,False,True,True,False,True,False
133,True,True,True,True,True,True,False,True,False,True,False,True,False,True,True,False,True,False
134,False,True,True,True,True,True,False,True,False,True,False,True,False,True,True,False,True,False
135,False,True,True,True,True,True,False,True,False,True,False,True,False,True,True,False,True,False
136,False,True,True,True,True,False,False,False,True,True,False,True,False,True,True,False,True,False
137,False,True,True,True,True,False,False,False,True,True,False,True,False,True,False,True,True,False
138,False,True,True,True,True,False,False,False,True,True,False,True,False,True,True,False,True,False
139,False,True,True,True,True,True,False,True,False,True,False,True,False,True,True,False,True,False
140,False,True,True,True,True,True,False,False,True,False,False,True,False,True,True,False,True,False
141,False,True,True,True,True,True,False,True,False,True,False,True,False,True,True,False,True,False
142,False,True,True,True,True,True,False,True,False,True,False,True,False,True,True,False,True,False
143,False,True,True,True,True,False,False,False,True,True,False,True,False,True,True,False,True,False
144,False,True,True,True,True,True,False,False,True,False,False,True,False,True,True,False,True,False
145,False,True,True,True,True,False,False,False,True,True,False,True,False,True,True,False,True,False
146,False,True,True,True,True,True,False,True,False,True,False,True,False,True,True,False,True,False
147,False,True,True,True,True,False,False,False,True,True,False,True,False,True,True,False,True,False
148,False,True,True,True,True,True,False,True,False,True,False,True,False,True,True,False,True,False
149,False,True,True,True,True,True,False,False,True,False,False,True,False,True,True,False,True,False
150,False,True,True,False,True,True,False,True,False,True,False,True,False,True,True,False,True,False
151,False,True,True,False,True,True,False,True,False,True,False,True,False,True,True,False,True,False
152,False,False,True,False,True,True,False,True,False,True,False,True,False,True,True,False,True,False
153,False,False,True,False,True,True,False,True,False,True,False,True,False,True,True,False,True,False
154,False,False,True,False,True,True,False,True,False,True,False,True,False,True,True,False,True,False
155,False,True,True,False,True,True,False,True,False,True,False,True,False,True,True,False,True,False
156,False,False,True,False,True,True,False,True,False,True,False,True,False,True,True,False,True,False
157,False,True,True,False,True,True,False,True,False,True,False,True,False,True,True,False,True,False
158,False,False,True,False,True,True,False,True,False,True,False,True,False,True,True,False,True,False
159,False,True,True,False,True,True,False,True,False,True,False,True,False,True,True,False,True,False
160,False,False,False,False,True,True,False,True,False,True,False,True,False,True,True,False,True,False
161,True,True,False,False,True,True,False,True,False,True,False,True,False,True,True,False,False,False
162,False,False,False,False,True,True,False,True,False,True,False,True,False,True,True,False,True,False
163,False,False,True,False,True,True,False,True,False,True,False,True,False,True,True,False,True,True
164,False,False,False,False,True,True,False,True,False,True,False,True,False,True,True,False,False,True
165,False,True,False,False,True,True,False,True,False,True,False,True,False,True,True,False,True,True
166,True,False,False,False,True,True,False,True,False,True,False,True,False,True,True,False,False,False
167,False,False,False,False,True,True,False,True,False,True,False,True,False,True,True,False,True,True
168,False,False,False,False,True,True,False,True,False,True,False,True,False,True,True,False,False,False
169,False,False,False,False,True,True,False,True,False,True,False,True,False,True,True,False,True,True
170,False,False,False,False,True,True,False,True,False,True,False,True,True,False,False,True,True,False
171,False,True,True,False,True,True,False,True,False,True,False,True,True,False,False,True,True,False
172,False,False,False,False,True,True,False,True,False,True,False,True,False,True,True,False,True,False
173,False,True,True,False,True,True,False,True,False,True,False,True,False,True,True,False,True,False
174,False,True,True,False,True,True,False,True,False,True,False,True,False,True,True,False,True,False
175,False,True,True,False,True,True,False,True,False,True,False,True,True,False,False,True,True,False
176,False,False,False,False,True,True,False,True,False,True,False,True,False,True,True,False,True,False
177,False,False,False,False,True,True,False,True,False,True,False,True,False,True,True,False,True,False
178,False,True,True,False,True,True,False,True,False,True,False,True,True,False,False,True,True,False
179,False,False,False,False,True,True,False,True,False,True,False,True,False,True,True,False,True,False
180,False,False,False,False,True,False,True,True,False,True,False,True,True,False,False,False,True,False
181,False,False,False,False,True,False,False,False,True,False,False,True,True,False,False,False,False,False
182,False,False,False,False,True,False,True,False,True,True,False,True,True,False,False,False,False,False
183,True,False,False,False,True,False,False,True,False,False,False,True,False,True,True,False,True,False
184,True,False,False,False,True,False,True,False,True,False,False,True,True,False,False,False,False,False
185,True,False,False,False,True,False,False,False,True,False,False,True,True,False,False,False,True,False
186,False,False,False,False,True,False,True,False,True,True,False,True,True,False,False,False,False,False
187,True,False,False,False,True,False,True,True,False,False,False,True,False,True,True,False,True,False
188,False,False,False,False,True,False,True,False,True,True,False,True,True,False,False,False,False,False
189,True,False,False,False,True,False,True,False,True,False,False,True,True,False,False,False,False,False
190,True,False,False,False,True,False,True,False,True,False,False,True,True,False,False,False,True,False
191,True,False,False,False,True,False,True,True,False,False,False,True,False,True,True,False,False,False
192,True,False,False,False,True,False,False,False,True,False,False,True,True,False,False,False,True,False
193,False,False,False,False,True,False,True,True,False,True,False,True,True,False,False,False,False,False
194,False,False,False,False,True,False,True,False,True,True,False,True,True,False,False,False,True,False
195,False,False,False,False,True,False,False,False,True,False,False,True,True,False,False,False,True,False
196,False,False,False,False,True,False,True,False,True,True,False,True,True,False,False,False,False,False
197,False,False,False,False,True,False,True,False,True,False,False,True,True,False,False,False,True,False
198,False,False,False,False,True,False,True,True,False,True,False,True,True,False,False,False,False,False
199,False,False,False,False,True,False,True,True,False,True,False,True,True,False,False,False,False,False
200,False,True,True,True,True,True,False,True,False,True,False,True,False,True,True,False,True,False
201,False,True,True,True,True,True,False,True,False,True,False,True,False,True,True,False,True,False
202,False,True,True,True,True,True,False,True,False,True,False,True,False,True,True,False,True,False
203,False,True,True,True,True,True,False,True,False,True,False,True,False,True,True,False,True,False
204,False,True,True,True,True,True,False,True,False,True,False,True,False,True,True,False,True,False
205,False,True,True,True,True,True,False,True,False,True,False,True,False,True,True,False,True,False
206,False,True,True,True,True,True,False,True,False,True,False,True,False,True,True,False,True,False
207,False,True,True,True,True,True,False,True,False,True,False,True,False,True,True,False,True,False
208,True,True,True,True,True,True,False,True,False,True,False,True,False,True,True,False,True,False
209,False,True,True,True,True,True,False,True,False,True,False,True,False,True,True,False,True,False
210,False,True,True,True,True,True,False,True,False,True,False,True,False,True,True,False,True,False
211,False,True,True,True,True,True,False,True,False,True,False,True,False,True,True,False,True,False
212,False,True,True,True,True,True,False,True,False,True,False,True,False,True,True,False,True,False
213,False,True,True,True,True,True,False,True,False,True,False,True,False,True,True,False,True,False
214,False,True,True,True,True,True,False,True,False,True,False,True,False,True,True,False,True,False
215,False,True,True,True,True,True,False,True,False,True,False,True,False,True,True,False,True,False
216,False,True,True,True,True,True,False,True,False,True,False,True,False,True,True,False,True,False
217,False,True,True,True,True,True,False,True,False,True,False,True,False,True,True,False,True,False
218,False,True,True,True,True,True,False,True,False,True,False,True,False,True,True,False,True,False
219,False,True,True,True,True,True,False,True,False,True,False,True,False,True,True,False,True,False
220,False,True,True,True,True,True,False,True,False,True,False,True,False,True,True,False,True,False
221,False,True,True,True,True,True,False,True,False,True,False,True,False,True,True,False,True,False
222,False,True,True,True,True,True,False,True,False,True,False,True,False,True,True,False,True,False
223,False,True,True,True,True,True,False,True,False,True,False,True,False,True,True,False,True,False
224,False,True,True,True,True,True,False,True,False,True,False,True,False,True,True,False,True,False
225,False,True,True,True,True,True,False,True,False,True,False,True,False,True,True,False,True,False
226,False,True,True,True,True,True,False,True,False,True,False,True,False,True,True,False,True,False
227,False,True,True,True,True,True,False,True,False,True,False,True,False,True,True,False,True,False
228,False,True,True,True,True,True,False,True,False,True,False,True,False,True,True,False,True,False
229,False,True,True,True,True,True,False,True,False,True,False,True,False,True,True,False,True,False
230,False,True,True,True,True,True,False,True,False,True,False,True,False,True,True,False,True,False
231,False,True,True,True,True,True,False,True,False,True,False,True,False,True,True,False,True,False
232,False,True,True,True,True,True,False,True,False,True,False,True,False,True,True,False,True,False
233,False,True,True,True,True,True,False,True,False,True,False,True,False,True,True,False,True,False
234,False,True,True,True,True,True,False,True,False,True,False,True,False,True,True,False,True,False
235,False,True,True,True,True,True,False,True,False,True,False,True,False,True,True,False,True,False
236,False,True,True,True,True,True,False,True,False,True,False,True,False,True,True,False,True,False
237,False,True,True,True,True,True,False,True,False,True,False,True,False,True,True,False,True,False
238,False,True,True,True,True,True,False,True,False,True,False,True,False,True,True,False,True,False
239,False,True,True,True,True,True,False,True,False,True,False,True,False,True,True,False,True,False
240,False,True,True,True,True,True,False,True,False,True,False,True,False,True,True,False,True,False
241,False,True,True,True,True,True,False,True,False,True,False,True,False,True,True,False,True,False
242,False,True,True,True,True,True,False,True,False,True,False,True,False,True,True,False,True,False
243,False,True,True,True,True,True,False,True,False,True,False,True,False,True,True,False,True,False
244,False,True,True,True,True,True,False,True,False,True,False,True,False,True,True,False,True,False
245,False,True,True,True,True,True,False,True,False,True,False,True,False,True,True,False,True,False
246,False,True,True,True,True,True,False,True,False,True,False,True,False,True,True,False,True,False
247,False,True,True,True,True,True,False,True,False,True,False,True,False,True,True,False,True,False
248,False,True,True,True,True,True,False,True,False,True,False,True,False,True,True,False,True,False
249,False,True,True,True,True,True,False,True,False,True,False,True,False,True,True,False,True,False
250,False,True,True,True,True,False,True,False,True,False,False,True,True,False,False,False,True,False
251,False,True,True,True,True,True,False,True,False,True,False,True,False,True,True,False,True,False
252,False,True,True,True,True,False,False,True,False,False,False,True,False,True,True,False,True,False
253,False,True,True,True,True,True,False,True,False,True,False,True,False,True,True,False,True,False
254,False,True,True,True,True,False,True,True,False,False,False,True,True,False,False,True,True,False
255,False,True,True,True,True,True,False,True,False,True,False,True,False,True,True,False,True,False
256,False,True,True,True,True,False,True,True,False,False,False,True,True,False,False,True,True,False
257,False,True,True,True,True,False,True,True,False,False,False,True,True,False,False,True,True,False
258,False,True,True,True,True,True,False,True,False,True,False,True,False,True,True,False,True,False
259,False,True,True,True,True,False,True,True,False,False,False,True,True,False,False,True,True,False
260,False,True,True,True,True,False,True,True,False,False,False,True,True,False,False,True,True,False
261,False,True,True,True,True,True,False,True,False,True,False,True,False,True,True,False,True,False
262,False,True,True,True,True,False,True,True,False,False,False,True,True,False,False,True,True,False
263,False,True,True,True,True,False,False,True,False,False,False,True,True,False,False,True,True,False
264,False,True,True,True,True,False,True,True,False,False,False,True,True,False,False,True,True,False
265,False,True,True,True,True,False,False,True,False,False,False,True,True,False,False,True,True,False
266,False,True,True,True,True,False,True,True,False,False,False,True,True,False,False,True,True,False
267,False,True,True,True,True,False,True,True,False,False,False,True,True,False,False,True,True,False
268,False,True,True,True,True,False,True,True,False,False,False,True,True,False,False,True,True,False
269,False,True,True,True,True,False,False,True,False,False,False,True,True,False,False,True,True,False
270,False,True,True,True,True,True,False,True,False,True,False,True,False,True,True,False,True,False
271,False,True,True,True,True,False,True,False,True,True,False,True,True,False,False,False,True,False
272,False,True,True,True,True,False,False,False,True,True,False,True,True,False,False,True,True,False
273,False,True,True,True,True,False,False,True,False,False,False,True,True,False,False,True,True,False
274,False,True,True,True,True,True,False,True,False,True,False,True,False,True,True,False,True,False
275,False,True,True,True,True,True,False,True,False,True,False,True,False,True,True,False,True,False
276,False,True,True,True,True,False,True,True,False,False,False,True,True,False,False,True,True,False
277,False,True,True,True,True,True,False,True,False,True,False,True,False,True,True,False,True,False
278,False,True,True,True,True,False,True,True,False,False,False,True,True,False,False,True,True,False
279,False,True,True,True,True,False,True,True,False,False,False,True,True,False,False,True,True,False
280,False,True,True,True,True,False,True,True,False,False,False,True,True,False,False,True,True,False
281,False,True,True,True,True,True,False,True,False,True,False,True,False,True,True,False,True,False
282,False,True,True,True,True,False,False,True,False,False,False,True,True,False,False,True,True,False
283,True,True,True,True,True,True,False,True,False,True,False,True,False,True,True,False,True,False
284,False,True,True,True,True,True,False,True,False,True,False,True,False,True,True,False,True,False
285,False,True,True,True,True,True,False,True,False,True,False,True,False,True,True,False,True,False
286,False,True,True,True,True,False,True,True,False,False,False,True,True,False,False,True,True,False
287,False,True,True,True,True,False,True,True,False,False,False,True,True,False,False,True,True,False
288,False,True,True,True,True,False,True,True,False,False,False,True,True,False,False,True,True,False
289,False,True,True,True,True,False,True,True,False,False,False,True,True,False,False,True,True,False
290,False,False,False,False,False,True,False,False,True,True,False,True,True,False,False,False,False,False
291,False,False,False,False,False,True,False,False,True,True,False,True,True,False,False,False,False,False
292,False,False,False,False,False,True,False,False,True,True,False,True,True,False,False,False,False,False
293,False,False,False,False,False,True,False,False,True,True,False,True,True,False,False,False,False,False
294,False,False,False,False,False,True,False,False,True,True,False,True,True,False,False,False,False,False
295,False,False,False,False,False,True,False,False,True,True,False,True,True,False,False,False,False,False
296,True,False,False,False,False,False,False,False,False,False,False,False,False,False,False,False,True,False
297,True,False,False,False,False,False,False,False,False,False,False,False,False,False,False,False,True,False
298,True,False,False,False,False,False,False,False,False,False,False,False,False,False,False,False,True,False
299,True,False,False,False,False,False,False,False,False,False,False,False,False,False,False,False,True,False
300,True,False,False,False,False,False,False,False,False,False,False,False,False,False,False,False,True,False
301,True,False,False,False,False,False,False,False,False,False,False,False,False,False,False,False,True,False
302,False,False,False,False,False,False,False,False,False,False,False,False,False,False,False,False,False,False
303,True,True,False,True,False,False,False,False,False,False,False,False,False,False,False,False,False,True
304,True,False,False,False,False,False,False,False,False,False,False,False,False,False,False,False,False,True
305,True,False,False,False,False,False,False,False,False,False,False,False,False,False,False,False,False,True
306,True,True,False,True,False,False,False,False,False,False,False,False,False,False,False,False,False,True
307,True,False,False,False,True,False,False,False,True,False,False,True,False,True,False,False,True,False
308,True,False,False,False,True,False,False,False,True,False,False,True,False,True,False,False,True,False
309,True,False,False,False,True,False,False,False,True,False,False,True,False,True,False,False,True,False
310,True,False,False,False,True,False,False,False,True,False,False,True,False,True,False,False,True,False
311,True,False,False,False,True,False,False,False,True,False,False,True,False,True,False,False,True,False
312,True,False,False,False,True,False,False,False,True,False,False,True,False,True,False,False,True,False
313,True,False,False,False,True,False,False,False,True,False,False,True,False,True,False,False,True,False
314,True,False,False,False,True,False,False,False,True,False,False,True,False,True,False,False,True,False
315,True,False,False,False,True,False,False,False,True,False,False,True,False,True,False,False,True,False
316,True,False,False,False,True,False,False,False,True,False,False,True,False,True,False,False,True,False
317,True,False,False,False,True,True,False,True,False,True,False,False,False,True,False,False,True,False
318,True,False,False,False,True,True,False,True,False,True,False,False,False,True,False,False,True,False
319,True,False,False,False,True,True,False,True,False,True,False,False,False,True,False,False,True,False
320,True,False,False,False,True,True,False,True,False,True,False,False,False,True,False,False,True,False
321,True,False,False,False,True,True,False,True,False,True,False,False,False,True,False,False,True,False
322,True,False,False,False,True,True,False,True,False,True,False,False,False,True,False,False,True,False
323,True,False,False,False,True,True,False,True,False,True,False,False,False,True,False,False,True,False
324,True,False,False,False,True,True,False,True,False,True,False,False,False,True,False,False,True,False
325,True,False,False,False,True,True,False,True,False,True,False,False,False,True,False,False,True,False
326,True,False,False,False,True,True,False,True,False,True,False,False,False,True,False,False,True,False
327,True,False,False,False,True,False,False,True,False,False,False,True,False,False,False,False,True,True
328,True,False,False,False,True,False,False,True,False,False,False,True,False,False,False,False,True,False
329,True,False,False,False,True,False,False,True,False,False,False,True,False,False,False,False,True,False
330,True,False,False,False,True,False,False,True,False,False,False,True,False,False,False,False,True,False
331,True,False,False,False,True,False,False,True,False,False,False,True,False,False,False,False,True,False
332,True,False,False,False,True,False,False,True,False,False,False,True,False,False,False,False,True,False
333,True,False,False,False,True,False,False,True,False,False,False,True,False,False,False,False,True,False
334,True,False,False,False,True,False,False,True,False,False,False,True,False,False,False,False,True,False
335,True,False,False,False,True,False,False,True,False,False,False,True,False,False,False,False,True,False
336,True,False,False,False,True,False,False,True,False,False,False,True,False,False,False,False,True,False
337,True,False,False,False,True,False,True,True,False,True,False,True,False,False,False,False,True,False
338,True,False,False,False,True,False,True,True,False,True,False,True,False,False,False,False,True,False
339,True,False,False,False,True,False,True,True,False,False,False,True,False,False,False,False,True,False
340,True,False,False,False,True,False,True,True,False,False,False,True,False,False,False,False,True,False
341,True,False,False,False,True,False,True,False,False,True,False,True,False,False,False,False,False,True
342,True,False,False,False,True,False,True,False,False,True,False,True,False,False,False,False,False,True
343,True,False,False,False,False,False,True,False,False,True,False,True,False,False,False,False,False,True
344,True,False,False,False,False,False,True,False,False,True,False,True,False,False,False,False,False,True
345,True,False,False,False,False,True,True,False,False,False,False,True,False,False,False,False,False,True
346,True,False,False,False,False,False,True,False,False,True,False,True,False,False,False,False,False,True
347,True,False,False,False,False,False,True,False,False,False,False,True,False,False,False,False,False,True
348,True,False,False,False,False,False,True,False,False,True,False,True,False,False,False,False,False,True
349,True,False,False,False,False,False,True,False,False,True,False,True,False,False,False,False,False,True
350,True,False,False,False,False,False,True,False,False,True,False,True,False,False,False,False,False,True
351,True,False,False,False,False,False,True,False,False,False,False,True,False,False,False,False,False,True
352,True,False,False,False,False,False,True,False,False,False,False,True,False,False,False,False,False,True
353,True,False,False,False,False,False,True,False,False,False,False,True,False,False,False,False,False,True
354,True,False,False,False,False,False,True,False,False,False,False,True,False,False,False,False,False,True
355,True,False,False,False,False,False,True,False,False,True,False,True,False,False,False,False,False,True
356,True,False,False,False,False,False,True,False,False,True,False,True,False,False,False,False,False,True
357,True,False,False,False,False,True,True,False,False,False,False,True,False,False,False,False,False,True
358,True,False,False,False,False,False,True,False,False,True,False,True,False,False,False,False,False,True
359,True,False,False,False,False,False,True,False,False,True,False,True,False,False,False,False,False,True
360,True,False,False,False,False,False,True,False,False,True,False,True,False,False,False,False,False,True
361,True,False,False,False,False,True,True,False,False,False,False,True,False,False,False,False,False,True
362,True,False,False,False,False,False,True,False,False,True,False,True,False,False,False,False,False,True
363,True,False,False,False,False,False,True,False,False,True,False,True,False,False,False,False,False,True
364,True,False,False,False,False,False,True,False,False,True,False,True,False,False,False,False,False,True
365,True,False,False,False,False,True,True,False,False,False,False,True,False,False,False,False,False,True
366,True,False,False,False,False,False,True,False,False,True,False,True,False,False,False,False,False,True
367,True,False,False,False,False,False,True,False,False,True,False,True,False,False,False,False,False,True
368,True,False,False,False,False,True,True,False,False,False,False,True,False,False,False,False,False,True
369,True,False,False,False,False,False,True,False,False,True,False,True,False,False,False,False,False,True
370,True,False,False,False,False,False,True,False,False,True,False,True,False,False,False,False,False,True
371,True,False,False,False,False,True,True,False,False,False,False,True,False,False,False,False,False,True
372,True,False,False,False,False,False,True,False,False,True,False,True,False,False,False,False,False,True
373,True,False,False,False,False,False,True,False,False,True,False,True,False,False,False,False,False,True
374,True,False,False,False,False,False,True,False,False,True,False,True,False,False,False,False,False,True
375,True,False,False,False,False,False,True,False,False,False,False,True,False,False,False,False,False,True
376,True,False,False,False,False,False,True,False,False,True,False,True,False,False,False,False,False,True
377,True,False,False,False,False,False,True,False,False,True,False,True,False,False,False,False,False,True
378,True,False,False,False,False,False,True,False,False,True,False,True,False,False,False,False,False,True
379,True,False,False,False,False,False,True,False,False,False,False,True,False,False,False,False,False,True
380,True,False,False,False,False,False,True,False,False,True,False,True,False,False,False,False,False,True
381,True,False,False,False,False,False,True,False,False,True,False,True,False,False,False,False,False,True
382,True,False,False,False,False,False,True,False,False,True,False,True,False,False,False,False,False,True
383,True,False,False,False,False,False,True,False,False,True,False,True,False,False,False,False,False,True
384,True,False,False,False,False,False,True,False,False,True,False,True,False,False,False,False,False,True
385,True,True,True,True,True,True,False,True,False,True,True,False,False,True,False,False,True,False
386,True,False,False,False,True,True,False,True,False,True,True,False,False,True,False,False,True,False
387,True,True,True,True,True,True,False,True,False,True,True,False,False,True,False,False,True,False
388,True,True,True,False,True,True,False,True,False,True,True,False,False,True,False,False,True,False
389,True,True,True,True,True,True,False,True,False,True,True,False,False,True,False,False,True,False
390,True,False,False,False,True,True,False,True,False,True,True,False,False,True,False,False,True,False
391,False,False,False,False,True,True,False,True,False,True,True,False,False,True,True,False,True,False
392,False,False,False,False,True,True,False,True,False,True,True,False,False,True,True,False,True,False
393,False,False,False,False,True,True,False,True,False,True,True,False,False,True,True,False,True,False
394,False,False,False,False,True,True,False,True,False,True,True,False,False,True,True,False,True,False
395,False,False,False,False,True,True,False,True,False,True,True,False,False,True,True,False,True,False
396,True,False,False,False,True,True,False,True,False,True,True,False,False,True,False,False,True,False
397,True,False,False,False,True,True,False,True,False,True,True,False,False,True,False,False,True,False
398,True,True,True,True,True,True,False,True,False,True,True,False,False,True,False,False,True,False
399,True,False,False,False,True,True,False,True,False,True,True,False,False,True,False,False,True,False
400,True,False,False,False,True,True,False,True,False,True,True,False,False,True,False,False,True,False
401,True,False,False,False,True,True,False,True,False,True,True,False,False,True,False,False,True,False
402,False,False,False,False,True,True,False,True,False,True,True,False,False,True,True,False,True,False
403,False,False,False,False,True,True,False,True,False,True,True,False,False,True,True,False,True,False
404,False,False,False,False,True,True,False,True,False,True,True,False,False,True,True,False,True,False
405,False,False,False,False,True,True,False,True,False,True,True,False,False,True,True,False,True,False
406,False,False,False,False,True,True,False,True,False,True,True,False,False,True,True,False,True,False
407,False,False,False,False,True,True,False,True,False,True,True,False,False,True,True,False,True,False
408,False,False,False,False,True,True,False,True,False,True,True,False,False,True,True,False,True,False
409,False,False,False,False,False,True,False,True,False,True,False,True,False,True,True,False,True,False
410,False,False,False,False,False,True,False,True,False,True,False,True,False,True,True,False,True,False
411,False,False,False,False,False,True,False,True,False,True,False,True,False,True,True,False,True,False
412,False,False,False,False,False,True,False,True,False,True,False,True,False,True,True,False,True,False
413,False,False,False,False,False,True,False,True,False,True,False,True,False,True,True,False,True,False
414,False,False,False,False,False,True,False,True,False,True,False,True,False,True,True,False,True,False
415,False,False,False,False,False,True,False,True,False,True,False,True,False,True,True,False,True,False
416,False,False,False,False,False,True,False,True,False,True,False,True,False,True,True,False,True,False
417,False,False,False,False,False,True,False,True,False,True,False,True,False,True,True,False,True,False
418,False,False,False,False,False,True,False,True,False,True,False,True,False,True,True,False,True,False
419,False,False,True,True,False,True,False,True,False,True,False,True,False,True,True,False,False,False
420,False,True,True,True,False,True,False,True,False,True,False,True,False,True,True,False,False,False
421,False,False,True,True,False,True,False,True,False,True,False,True,False,True,True,False,False,False
422,False,True,True,True,False,True,False,True,False,True,False,True,False,True,True,False,False,False
423,False,True,True,True,False,True,False,True,False,True,False,True,False,True,True,False,False,False
424,False,True,True,True,False,True,False,True,False,True,False,True,False,True,True,False,False,False
425,False,False,True,True,False,True,False,True,False,True,False,True,False,True,True,False,False,False
426,False,False,True,True,False,True,False,True,False,True,False,True,False,True,True,False,False,False
427,False,True,True,True,False,True,False,True,False,True,False,True,False,True,True,False,False,False
428,False,True,True,True,False,True,False,True,False,True,False,True,False,True,True,False,False,False
429,False,True,True,True,True,False,False,False,True,True,False,True,False,True,True,False,True,False
430,False,True,True,True,True,True,False,True,False,True,False,True,False,True,True,False,True,False
431,False,True,True,True,True,True,False,True,False,True,False,True,False,True,True,False,True,False
432,False,True,True,True,True,True,False,True,False,True,False,True,False,True,True,False,True,False
433,False,True,True,True,True,False,False,False,True,True,False,True,False,True,True,False,True,False
434,False,True,True,True,True,True,False,False,True,False,False,True,False,True,True,False,True,False
435,False,True,True,True,True,True,False,True,False,True,False,True,False,True,True,False,True,False
436,False,True,True,True,True,True,False,True,False,True,False,True,False,True,True,False,True,False
437,True,True,True,True,True,True,False,True,False,True,False,True,False,True,True,False,True,False
438,False,True,True,True,True,False,False,True,False,True,False,True,True,False,False,False,True,False
439,False,True,True,True,True,True,False,True,False,True,False,True,False,True,True,False,True,False
440,True,True,True,True,True,True,False,True,False,True,False,True,False,True,True,False,True,False
441,False,True,True,True,True,True,False,True,False,True,False,True,False,True,True,False,True,False
442,True,True,True,True,True,False,False,True,False,True,False,True,False,True,False,True,True,False
443,False,True,True,True,True,False,False,False,True,True,False,True,True,False,False,False,True,False
444,True,True,True,True,True,True,False,True,False,True,False,True,False,True,True,False,True,False
445,False,True,True,True,True,True,False,True,False,True,False,True,False,True,True,False,True,False
446,False,True,True,True,True,True,False,True,False,True,False,True,False,True,True,False,True,False
447,True,True,True,True,True,True,False,True,False,True,False,True,False,True,True,False,True,False
448,False,True,True,True,True,True,False,True,False,True,False,True,False,True,True,False,True,False
449,False,True,True,True,True,True,False,True,False,True,False,True,False,True,True,False,True,False
450,False,True,True,True,True,True,False,True,False,True,False,True,False,True,True,False,True,False
451,False,True,True,True,True,False,False,False,True,True,False,True,False,True,True,False,True,False
452,False,True,True,True,True,False,False,False,True,True,False,True,False,True,True,False,True,False
453,False,True,True,True,True,False,False,False,True,True,False,True,False,True,True,False,True,False
454,False,True,True,True,True,True,False,True,False,True,False,True,False,True,True,False,True,False
455,False,True,True,True,True,True,False,True,False,True,False,True,False,True,True,False,True,False
456,False,True,True,True,True,False,False,False,True,True,False,True,False,True,True,False,True,False
457,False,True,True,True,True,True,False,True,False,True,False,True,False,True,True,False,True,False
458,False,True,True,True,True,True,False,True,False,True,False,True,False,True,True,False,True,False
459,False,True,True,True,True,False,False,False,True,True,False,True,False,True,True,False,True,False
460,False,True,True,True,True,True,False,True,False,True,False,True,False,True,True,False,True,False
461,False,True,True,True,True,True,False,True,False,True,False,True,False,True,True,False,True,False
462,False,True,True,True,True,False,False,False,True,True,False,True,False,True,True,False,True,False
463,False,True,True,True,True,True,False,True,False,True,False,True,False,True,True,False,True,False
464,False,True,True,True,True,True,False,True,False,True,False,True,False,True,True,False,True,False
465,False,True,True,True,True,False,False,False,True,True,False,True,False,True,True,False,True,False
466,False,True,True,True,True,False,False,False,True,True,False,True,False,True,True,False,True,False
467,False,True,True,True,True,False,False,False,True,True,False,True,False,True,True,False,True,False
468,False,True,True,True,True,True,False,True,False,True,False,True,False,True,True,False,True,False
469,False,True,True,True,True,True,False,True,False,True,False,True,False,True,True,False,True,False
470,False,True,True,True,True,False,False,False,True,True,False,True,False,True,True,False,True,False
471,False,True,True,True,True,False,False,False,True,True,False,True,False,True,True,False,True,False
472,False,True,True,True,True,False,False,False,True,True,False,True,False,True,True,False,True,False
473,False,True,True,True,True,True,False,True,False,True,False,True,False,True,True,False,True,False
474,False,True,True,True,True,True,False,True,False,True,False,True,False,True,True,False,True,False
475,False,True,True,True,True,False,False,False,True,True,False,True,False,True,True,False,True,False
476,False,True,True,True,True,False,False,False,True,True,False,True,False,True,True,False,True,False
477,False,True,True,True,True,False,False,False,True,True,False,True,False,True,True,False,True,False
478,False,True,True,True,True,False,False,False,True,True,False,True,False,True,True,False,True,False
479,False,True,True,True,True,False,False,False,True,True,False,True,False,True,True,False,True,False
480,False,True,True,True,True,False,False,False,True,True,False,True,False,True,True,False,True,False
481,False,True,True,False,True,True,False,True,False,True,False,True,False,True,True,False,True,False
482,False,False,True,False,True,True,False,True,False,True,False,True,False,True,True,False,True,False
483,False,False,True,False,True,True,False,True,False,True,False,True,False,True,True,False,True,False
484,False,False,True,False,True,True,False,True,False,True,False,True,False,True,True,False,True,False
485,True,True,True,False,True,True,False,True,False,True,False,True,False,True,True,False,True,False
486,True,False,True,False,True,True,False,True,False,True,False,True,False,True,True,False,True,False
487,False,True,True,False,True,True,False,True,False,True,False,True,False,True,True,False,True,False
488,True,True,True,False,True,True,False,True,False,True,False,True,False,True,True,False,True,False
489,False,False,True,False,True,True,False,True,False,True,False,True,False,True,True,False,True,False
490,True,True,True,False,True,True,False,True,False,True,False,True,False,True,True,False,True,False
491,False,False,False,False,True,True,False,True,False,True,False,True,False,True,True,False,False,False
492,False,False,False,False,True,True,False,True,False,True,False,True,False,True,True,False,True,True
493,False,True,False,False,True,True,False,True,False,True,False,True,False,True,True,False,False,False
494,False,True,True,False,True,True,False,True,False,True,False,True,False,True,True,False,True,True
495,False,False,False,False,True,True,False,True,False,True,False,True,False,True,True,False,False,False
496,False,False,False,False,True,True,False,True,False,True,False,True,False,True,True,False,False,False
497,False,False,True,False,True,True,False,True,False,True,False,True,False,True,True,False,False,False
498,False,False,False,False,True,True,False,True,False,True,False,True,False,True,True,False,True,True
499,True,False,False,False,True,True,False,True,False,True,False,True,False,True,True,False,False,False
500,False,False,False,False,True,True,False,True,False,True,False,True,False,True,True,False,True,True
501,False,True,True,False,True,True,False,True,False,True,False,True,True,False,False,True,True,False
502,False,True,True,False,True,True,False,True,False,True,False,True,True,False,False,True,True,False
503,False,True,True,False,True,True,False,True,False,True,False,True,True,False,False,True,True,False
504,False,True,True,False,True,True,False,True,False,True,False,True,True,False,False,True,True,False
505,False,True,True,False,True,True,False,True,False,True,False,True,True,False,False,True,True,False
506,False,False,False,False,True,True,False,True,False,True,False,True,True,False,False,True,True,False
507,False,False,False,False,True,True,False,True,False,True,False,True,False,True,True,False,True,False
508,False,False,False,False,True,True,False,True,False,True,False,True,False,True,True,False,True,False
509,False,False,False,False,True,True,False,True,False,True,False,True,False,True,True,False,True,False
510,False,True,True,False,True,True,False,True,False,True,False,True,True,False,False,True,True,False
511,False,False,False,False,True,False,False,True,False,False,False,True,False,True,True,False,True,False
512,True,False,False,False,True,False,False,True,False,False,False,True,False,True,True,False,True,False
513,False,False,False,False,True,False,False,False,True,False,False,True,True,False,False,False,False,False
514,True,False,False,False,True,False,False,True,False,False,False,True,False,True,True,False,True,False
515,False,False,False,False,True,False,True,False,True,False,False,True,True,False,False,False,False,False
516,False,False,False,False,True,False,True,False,True,True,False,True,True,False,False,False,False,False
517,False,False,False,False,True,False,True,False,True,True,False,True,True,False,False,False,False,False
518,False,False,False,False,True,False,True,False,True,True,False,True,True,False,False,False,False,False
519,False,False,False,False,True,False,True,False,True,True,False,True,True,False,False,False,False,False
520,False,False,False,False,True,False,True,False,True,True,False,True,True,False,False,False,False,False
521,False,False,False,False,True,False,True,True,False,True,False,True,True,False,False,False,True,False
522,True,False,False,False,True,False,True,False,True,False,False,True,True,False,False,False,True,False
523,True,False,False,False,True,False,True,False,True,False,False,True,True,False,False,False,True,False
524,False,False,False,False,True,False,False,False,True,False,False,True,True,False,False,False,True,False
525,False,False,False,False,True,False,True,False,True,False,False,True,True,False,False,False,True,False
526,False,False,False,False,True,False,True,True,False,True,False,True,True,False,False,False,True,False
527,False,False,False,False,True,False,True,False,True,True,False,True,True,False,False,False,False,False
528,False,False,False,False,True,False,True,False,True,True,False,True,True,False,False,False,False,False
529,False,False,False,False,True,False,True,True,False,True,False,True,True,False,False,False,True,False
530,False,False,False,False,True,False,True,False,True,True,False,True,True,False,False,False,False,False
531,False,False,False,False,True,False,True,False,True,True,False,True,True,False,False,False,False,False
532,False,False,False,False,True,False,True,False,True,True,False,True,True,False,False,False,True,False
533,False,False,False,False,True,False,True,True,False,True,False,True,True,False,False,False,True,False
534,False,False,False,False,True,False,True,False,True,True,False,True,True,False,False,False,True,False
535,False,True,True,True,True,True,False,True,False,True,False,True,False,True,True,False,True,False
536,True,True,True,True,True,True,False,True,False,True,False,True,False,True,True,False,True,False
537,False,True,True,True,True,True,False,True,False,True,False,True,False,True,True,False,True,False
538,False,True,True,True,True,True,False,True,False,True,False,True,False,True,True,False,True,False
539,False,True,True,True,True,True,False,True,False,True,False,True,False,True,True,False,True,False
540,False,True,True,True,True,True,False,True,False,True,False,True,False,True,True,False,True,False
541,True,True,True,True,True,True,False,True,False,True,False,True,False,True,True,False,True,False
542,True,True,True,True,True,True,False,True,False,True,False,True,False,True,True,False,True,False
543,False,True,True,True,True,True,False,True,False,True,False,True,False,True,True,False,True,False
544,False,True,True,True,True,True,False,True,False,True,False,True,False,True,True,False,True,False
545,False,True,True,True,True,True,False,True,False,True,False,True,False,True,True,False,True,False
546,False,True,True,True,True,True,False,True,False,True,False,True,False,True,True,False,True,False
547,False,True,True,True,True,True,False,True,False,True,False,True,False,True,True,False,True,False
548,False,True,True,True,True,True,False,True,False,True,False,True,False,True,True,False,True,False
549,False,True,True,True,True,True,False,True,False,True,False,True,False,True,True,False,True,False
550,False,True,True,True,True,True,False,True,False,True,False,True,False,True,True,False,True,False
551,False,True,True,True,True,True,False,True,False,True,False,True,False,True,True,False,True,False
552,False,True,True,True,True,True,False,True,False,True,False,True,False,True,True,False,True,False
553,False,True,True,True,True,True,False,True,False,True,False,True,False,True,True,False,True,False
554,False,True,True,True,True,True,False,True,False,True,False,True,False,True,True,False,True,False
555,False,True,True,True,True,True,False,True,False,True,False,True,False,True,True,False,True,False
556,False,True,True,True,True,True,False,True,False,True,False,True,False,True,True,False,True,False
557,False,True,True,True,True,True,False,True,False,True,False,True,False,True,True,False,True,False
558,False,True,True,True,True,True,False,True,False,True,False,True,False,True,True,False,True,False
559,False,True,True,True,True,True,False,True,False,True,False,True,False,True,True,False,True,False
560,False,True,True,True,True,True,False,True,False,True,False,True,False,True,True,False,True,False
561,False,True,True,True,True,True,False,True,False,True,False,True,False,True,True,False,True,False
562,False,True,True,True,True,True,False,True,False,True,False,True,False,True,True,False,True,False
563,False,True,True,True,True,True,False,True,False,True,False,True,False,True,True,False,True,False
564,False,True,True,True,True,True,False,True,False,True,False,True,False,True,True,False,True,False
565,False,True,True,True,True,True,False,True,False,True,False,True,False,True,True,False,True,False
566,False,True,True,True,True,True,False,True,False,True,False,True,False,True,True,False,True,False
567,False,True,True,True,True,True,False,True,False,True,False,True,False,True,True,False,True,False
568,False,True,True,True,True,True,False,True,False,True,False,True,False,True,True,False,True,False
569,False,True,True,True,True,True,False,True,False,True,False,True,False,True,True,False,True,False
570,False,True,True,True,True,True,False,True,False,True,False,True,False,True,True,False,True,False
571,False,True,True,True,True,True,False,True,False,True,False,True,False,True,True,False,True,False
572,False,True,True,True,True,True,False,True,False,True,False,True,False,True,True,False,True,False
573,False,True,True,True,True,True,False,True,False,True,False,True,False,True,True,False,True,False
574,False,True,True,True,True,True,False,True,False,True,False,True,False,True,True,False,True,False
575,False,True,True,True,True,True,False,True,False,True,False,True,False,True,True,False,True,False
576,False,True,True,True,True,True,False,True,False,True,False,True,False,True,True,False,True,False
577,False,True,True,True,True,True,False,True,False,True,False,True,False,True,True,False,True,False
578,False,True,True,True,True,True,False,True,False,True,False,True,False,True,True,False,True,False
579,False,True,True,True,True,True,False,True,False,True,False,True,False,True,True,False,True,False
580,False,True,True,True,True,True,False,True,False,True,False,True,False,True,True,False,True,False
581,False,True,True,True,True,True,False,True,False,True,False,True,False,True,True,False,True,False
582,False,True,True,True,True,True,False,True,False,True,False,True,False,True,True,False,True,False
583,False,True,True,True,True,True,False,True,False,True,False,True,False,True,True,False,True,False
584,False,True,True,True,True,True,False,True,False,True,False,True,False,True,True,False,True,False
585,False,True,True,True,True,True,False,True,False,True,False,True,False,True,True,False,True,False
586,False,True,True,True,True,True,False,True,False,True,False,True,False,True,True,False,True,False
587,False,True,True,True,True,True,False,True,False,True,False,True,False,True,True,False,True,False
588,False,True,True,True,True,True,False,True,False,True,False,True,False,True,True,False,True,False
589,False,True,True,True,True,True,False,True,False,True,False,True,False,True,True,False,True,False
590,False,True,True,True,True,True,False,True,False,True,False,True,False,True,True,False,True,False
591,False,True,True,True,True,True,False,True,False,True,False,True,False,True,True,False,True,False
592,False,True,True,True,True,True,False,True,False,True,False,True,False,True,True,False,True,False
593,False,True,True,True,True,True,False,True,False,True,False,True,False,True,True,False,True,False
594,False,True,True,True,True,True,False,True,False,True,False,True,False,True,True,False,True,False
595,False,True,True,True,True,True,False,True,False,True,False,True,False,True,True,False,True,False
596,False,True,True,True,True,False,True,True,False,False,False,True,True,False,False,True,True,False
597,False,True,True,True,True,False,True,True,False,False,False,True,True,False,False,True,True,False
598,False,True,True,True,True,True,False,True,False,True,False,True,False,True,True,False,True,False
599,False,True,True,True,True,True,False,True,False,True,False,True,False,True,True,False,True,False
600,False,True,True,True,True,True,False,True,False,True,False,True,False,True,True,False,True,False
601,False,True,True,True,True,False,True,True,False,False,False,True,True,False,False,True,True,False
602,False,True,True,True,True,True,False,True,False,True,False,True,False,True,True,False,True,False
603,False,True,True,True,True,True,False,True,False,True,False,True,False,True,True,False,True,False
604,False,True,True,True,True,True,False,True,False,True,False,True,False,True,True,False,True,False
605,False,True,True,True,True,False,False,True,False,False,False,True,True,False,False,True,True,False
606,False,True,True,True,True,True,False,True,False,True,False,True,False,True,True,False,True,False
607,False,True,True,True,True,False,False,True,False,True,False,True,False,True,True,False,True,False
608,True,True,True,True,True,False,False,True,False,False,False,True,True,False,False,True,True,False
609,False,True,True,True,True,False,False,True,False,False,False,True,True,False,False,True,True,False
610,False,True,True,True,True,True,False,True,False,True,False,True,False,True,True,False,True,False
611,False,True,True,True,True,True,False,True,False,True,False,True,False,True,True,False,True,False
612,True,True,True,True,True,True,False,True,False,True,False,True,False,True,True,False,True,False
613,True,True,True,True,True,False,False,True,False,False,False,True,False,True,True,False,True,False
614,False,True,True,True,True,True,False,True,False,True,False,True,False,True,True,False,True,False
615,False,True,True,True,True,False,True,True,False,False,False,True,True,False,False,True,True,False
616,False,True,True,True,True,False,True,True,False,False,False,True,True,False,False,True,True,False
617,False,True,True,True,True,False,True,True,False,False,False,True,True,False,False,True,True,False
618,False,True,True,True,True,False,True,True,False,False,False,True,True,False,False,True,True,False
619,False,True,True,True,True,False,True,True,False,False,False,True,True,False,False,True,True,False
620,False,True,True,True,True,False,True,True,False,False,False,True,True,False,False,True,True,False
621,False,True,True,True,True,False,True,True,False,False,False,True,True,False,False,True,True,False
622,False,True,True,True,True,False,True,True,False,False,False,True,True,False,False,True,True,False
623,False,True,True,True,True,False,True,True,False,False,False,True,True,False,False,True,True,False
624,False,True,True,True,True,False,True,True,False,False,False,True,True,False,False,True,True,False
625,False,True,True,True,True,False,True,True,False,False,False,True,True,False,False,True,True,False
626,False,True,True,True,True,False,True,True,False,False,False,True,True,False,False,True,True,False
627,False,True,True,True,True,False,True,True,False,False,False,True,True,False,False,True,True,False
628,False,True,True,True,True,False,True,True,False,False,False,True,True,False,False,True,True,False
629,False,True,True,True,True,False,True,True,False,False,False,True,True,False,False,True,True,False
630,False,True,True,True,True,False,True,True,False,False,False,True,True,False,False,True,True,False
631,False,True,True,True,True,False,True,True,False,False,False,True,True,False,False,True,True,False
632,False,True,True,True,True,False,True,True,False,False,False,True,True,False,False,True,True,False
633,False,True,True,True,True,False,True,True,False,False,False,True,True,False,False,True,True,False
634,False,True,True,True,True,False,True,True,False,False,False,True,True,False,False,True,True,False
635,False,True,True,True,True,False,True,True,False,False,False,True,True,False,False,True,True,False
636,False,True,True,True,True,False,True,True,False,False,False,True,True,False,False,True,True,False
637,False,True,True,True,True,False,True,True,False,False,False,True,True,False,False,True,True,False
638,False,True,True,True,True,False,True,True,False,False,False,True,True,False,False,True,True,False
639,False,True,True,True,True,False,True,True,False,False,False,True,True,False,False,True,True,False
640,False,True,True,True,True,False,True,True,False,False,False,True,True,False,False,True,True,False
641,False,True,True,True,True,False,True,True,False,False,False,True,True,False,False,True,True,False
642,False,True,True,True,True,False,True,True,False,False,False,True,True,False,False,True,True,False
643,False,True,True,True,True,False,True,True,False,False,False,True,True,False,False,True,True,False
644,False,True,True,True,True,False,True,True,False,False,False,True,True,False,False,True,True,False
645,False,True,True,True,True,False,True,True,False,False,False,True,True,False,False,True,True,False
646,False,True,True,True,True,False,True,True,False,False,False,True,True,False,False,True,True,False
647,False,False,False,False,False,True,False,False,True,True,False,True,True,False,False,False,False,False
648,False,False,False,False,False,True,False,False,True,True,False,True,True,False,False,False,False,False
649,False,False,False,False,False,True,False,False,True,True,False,True,True,False,False,False,False,False
650,False,False,False,False,False,True,False,False,True,True,False,True,True,False,False,False,False,False
651,False,False,False,False,False,True,False,False,True,True,False,True,True,False,False,False,False,False
652,False,False,False,False,False,True,False,False,True,True,False,True,True,False,False,False,False,False
653,False,False,False,False,False,True,False,False,True,True,False,True,True,False,False,False,False,False
654,False,False,False,False,False,True,False,False,True,True,False,True,True,False,False,False,False,False
655,False,False,False,False,False,True,False,False,True,True,False,True,True,False,False,False,False,False
656,True,False,False,False,False,False,False,False,False,False,False,False,False,False,False,False,True,False
657,True,False,False,False,False,False,False,False,False,False,False,False,False,False,False,False,True,False
658,True,False,False,False,False,False,False,False,False,False,False,False,False,False,False,False,True,False
659,True,False,False,False,False,False,False,False,False,False,False,False,False,False,False,False,True,False
660,True,False,False,False,False,False,False,False,False,False,False,False,False,False,False,False,True,False
661,True,False,False,False,False,False,False,False,False,False,False,False,False,False,False,False,True,False
662,True,False,False,False,False,False,False,False,False,False,False,False,False,False,False,False,True,False
663,True,False,False,False,False,False,False,False,False,False,False,False,False,False,False,False,True,False
664,False,False,False,False,False,False,False,False,False,False,False,False,False,False,False,False,False,False
665,False,False,False,False,False,False,False,False,False,False,False,False,False,False,False,False,False,False
666,False,False,False,False,False,False,False,False,False,False,False,False,False,False,False,False,False,False
667,False,False,False,False,False,False,False,False,False,False,False,False,False,False,False,False,False,False
668,False,False,False,False,False,False,False,False,False,False,False,False,False,False,False,False,False,False
669,False,False,False,False,False,False,False,False,False,False,False,False,False,False,False,False,False,False
670,False,False,False,False,False,False,False,False,False,False,False,False,False,False,False,False,False,False
671,False,False,False,False,False,False,False,False,False,False,False,False,False,False,False,False,False,False
672,False,False,False,False,False,False,False,False,False,False,False,False,False,False,False,False,False,False
673,False,False,False,False,False,False,False,False,False,False,False,False,False,False,False,False,False,False
674,False,False,False,False,False,False,False,False,False,False,False,False,False,False,False,False,False,False
675,False,False,False,False,False,False,False,False,False,False,False,False,False,False,False,False,False,False
676,False,False,False,False,False,False,False,False,False,False,False,False,False,False,False,False,False,False
677,False,False,False,False,False,False,False,False,False,False,False,False,False,False,False,False,False,False
678,False,False,False,False,False,False,False,False,False,False,False,False,False,False,False,False,False,False
679,True,False,False,False,False,False,False,False,False,False,False,False,False,False,False,False,False,True
680,True,False,False,False,False,False,False,False,False,False,False,False,False,False,False,False,False,True
681,True,True,False,True,False,False,False,False,False,False,False,False,False,False,False,False,False,True
682,True,True,False,True,False,False,False,False,False,False,False,False,False,False,False,False,False,True
